<?xml version="1.0" encoding="UTF-8"?>
<!DOCTYPE mapper PUBLIC "-//mybatis.org//DTD Mapper 3.0//EN" "http://mybatis.org/dtd/mybatis-3-mapper.dtd">

<mapper namespace="CouponMapper">
    
    <select id="findByRestaurantId" parameterType="int" resultType="Coupon">
        SELECT 
            id,
            title,
            description,
            validity,
            restaurant_id as restaurantId,
            is_active as isActive,
            created_at as createdAt
        FROM coupons 
        WHERE restaurant_id = #{restaurantId} 
        AND is_active = true 
        ORDER BY created_at DESC
    </select>
    
    <select id="findAllActive" resultType="Coupon">
        SELECT 
            id,
            title,
            description,
            validity,
            restaurant_id as restaurantId,
            is_active as isActive,
            created_at as createdAt
        FROM coupons 
        WHERE is_active = true 
        ORDER BY created_at DESC
    </select>
    
    <insert id="insertCoupon" parameterType="Coupon" useGeneratedKeys="true" keyProperty="id">
        INSERT INTO coupons (
            title,
            description,
            validity,
            restaurant_id,
            is_active,
            created_at
        ) VALUES (
            #{title},
            #{description},
            #{validity},
            #{restaurantId},
            true,
            NOW()
        )
    </insert>
    
    <update id="updateCoupon" parameterType="Coupon">
        UPDATE coupons 
        SET 
            title = #{title},
            description = #{description},
            validity = #{validity}
        WHERE id = #{id}
    </update>
    
    <update id="deleteCoupon" parameterType="int">
        UPDATE coupons 
        SET 
            is_active = false
        WHERE id = #{couponId}
    </update>
    
</mapper>