<?xml version="1.0" encoding="UTF-8"?>
<!DOCTYPE mapper PUBLIC "-//mybatis.org//DTD Mapper 3.0//EN" "http://mybatis.org/dtd/mybatis-3-mapper.dtd">

<mapper namespace="NewsMapper">
    
    <!-- 맛집별 뉴스 조회 -->
    <select id="findByRestaurantId" parameterType="int" resultType="News">
        SELECT 
            id,
            type,
            title,
            content,
            date,
            restaurant_id as restaurantId,
            is_active as isActive,
            created_at as createdAt,
            updated_at as updatedAt
        FROM restaurant_news 
        WHERE restaurant_id = #{restaurantId} 
        AND is_active = true 
        ORDER BY created_at DESC
    </select>
    
    <!-- 모든 활성 뉴스 조회 -->
    <select id="findAllActive" resultType="News">
        SELECT 
            id,
            type,
            title,
            content,
            date,
            restaurant_id as restaurantId,
            is_active as isActive,
            created_at as createdAt,
            updated_at as updatedAt
        FROM restaurant_news 
        WHERE is_active = true 
        ORDER BY created_at DESC
    </select>
    
    <!-- 뉴스 추가 -->
    <insert id="insertNews" parameterType="News" useGeneratedKeys="true" keyProperty="id">
        INSERT INTO restaurant_news (
            type,
            title,
            content,
            date,
            restaurant_id,
            is_active,
            created_at,
            updated_at
        ) VALUES (
            #{type},
            #{title},
            #{content},
            #{date},
            #{restaurantId},
            true,
            NOW(),
            NOW()
        )
    </insert>
    
    <!-- 뉴스 수정 -->
    <update id="updateNews" parameterType="News">
        UPDATE restaurant_news 
        SET 
            type = #{type},
            title = #{title},
            content = #{content},
            date = #{date},
            updated_at = NOW()
        WHERE id = #{id}
    </update>
    
    <!-- 뉴스 삭제 (비활성화) -->
    <update id="deleteNews" parameterType="int">
        UPDATE restaurant_news 
        SET 
            is_active = false,
            updated_at = NOW()
        WHERE id = #{newsId}
    </update>
    
</mapper>
