<?xml version="1.0" encoding="UTF-8"?>
<!DOCTYPE mapper PUBLIC "-//mybatis.org//DTD Mapper 3.0//EN" "http://mybatis.org/dtd/mybatis-3-mapper.dtd">

<mapper namespace="QnAMapper">
    
    <select id="findByRestaurantId" parameterType="int" resultType="QnA">
        SELECT 
            id,
            question,
            answer,
            is_owner as isOwner,
            restaurant_id as restaurantId,
            is_active as isActive,
            created_at as createdAt
        FROM restaurant_qna 
        WHERE restaurant_id = #{restaurantId} 
        AND is_active = true 
        ORDER BY created_at DESC
    </select>
    
    <select id="findAllActive" resultType="QnA">
        SELECT 
            id,
            question,
            answer,
            is_owner as isOwner,
            restaurant_id as restaurantId,
            is_active as isActive,
            created_at as createdAt
        FROM restaurant_qna 
        WHERE is_active = true 
        ORDER BY created_at DESC
    </select>
    
    <insert id="insertQnA" parameterType="QnA" useGeneratedKeys="true" keyProperty="id">
        INSERT INTO restaurant_qna (
            question,
            answer,
            is_owner,
            restaurant_id,
            is_active,
            created_at
        ) VALUES (
            #{question},
            #{answer},
            #{isOwner},
            #{restaurantId},
            true,
            NOW()
        )
    </insert>
    
    <update id="updateQnA" parameterType="QnA">
        UPDATE restaurant_qna 
        SET 
            question = #{question},
            answer = #{answer},
            is_owner = #{isOwner}
        WHERE id = #{id}
    </update>
    
    <update id="deleteQnA" parameterType="int">
        UPDATE restaurant_qna 
        SET 
            is_active = false
        WHERE id = #{qnaId}
    </update>
    
</mapper>