<?xml version="1.0" encoding="UTF-8" ?>
<!DOCTYPE mapper
  PUBLIC "-//mybatis.org//DTD Mapper 3.0//EN"
  "http://mybatis.org/dtd/mybatis-3-mapper.dtd">

<mapper namespace="dao.UserDAO">

    <resultMap id="userResultMap" type="User">
        <id property="id" column="id" />
        <result property="email" column="email"/>
        <result property="nickname" column="nickname"/>
        <result property="password" column="password"/>
        <result property="userType" column="user_type"/>
        <result property="profileImage" column="profile_image"/>
        <result property="level" column="level"/>
        <result property="followerCount" column="follower_count"/>
        <result property="followingCount" column="following_count"/>
        <result property="isActive" column="is_active"/>
        <result property="createdAt" column="created_at"/>
        <result property="updatedAt" column="updated_at"/>
    </resultMap>

    <select id="findByEmail" parameterType="string" resultMap="userResultMap">
        SELECT * FROM users WHERE email = #{email} AND is_active = true
    </select>

    <select id="findByNickname" parameterType="string" resultMap="userResultMap">
        SELECT * FROM users WHERE nickname = #{nickname} AND is_active = true
    </select>
    
    <select id="findById" parameterType="int" resultMap="userResultMap">
        SELECT * FROM users WHERE id = #{id} AND is_active = true
    </select>
    
    <select id="findAll" resultMap="userResultMap">
        SELECT * FROM users WHERE is_active = true
    </select>

    <insert id="insert" parameterType="User" useGeneratedKeys="true" keyProperty="id">
        INSERT INTO users (email, nickname, password, user_type, profile_image, created_at, updated_at)
        VALUES (#{email}, #{nickname}, #{password}, #{userType}, #{profileImage}, NOW(), NOW())
    </insert>

    <update id="update" parameterType="User">
        UPDATE users SET 
            nickname = #{nickname}, 
            user_type = #{userType}, 
            profile_image = #{profileImage}, 
            updated_at = NOW() 
        WHERE id = #{id}
    </update>
    
    <update id="updatePassword" parameterType="map">
        UPDATE users SET password = #{password}, updated_at = NOW() WHERE id = #{id}
    </update>

    <update id="delete" parameterType="int">
        UPDATE users SET is_active = false, updated_at = NOW() WHERE id = #{id}
    </update>
</mapper>